TimeStamp;baseValue
638751418890148236;37465.46
638751418890620420;37465.46
638751418891144129;38518.6
638751418891627383;40484.8
638751418892120760;40484.8
638751418892618496;38507.87
638751418893120996;39535.07
638751418893618554;39535.07
638751418894126118;37008.54
638751418894625398;37469.93
638751418895125504;37469.93
638751418895618296;37469.93
638751418896130230;37991.46
638751418896628722;37991.46
638751418897131536;41498.93
638751418897624215;35225.33
638751418898132144;35225.33
638751418898630166;36470.27
638751418900140087;40636.13
638751418900639128;39161.27
638751418901132401;39161.27
638751418901638686;43076.4
638751418902141925;40102.07
638751418902640741;40102.07
638751418903138145;42543.33
638751418903642711;40055.73
638751418904140453;40055.73
638751418904640006;39903.6
638751418905142769;36548.33
638751418905640160;36548.33
638751418906143118;37587.8
638751418906642193;38181.33
638751418907142017;38181.33
638751418907639247;38181.33
638751418908142453;35898.13
638751418908640550;35898.13
638751418909143546;35898.13
638751418909642321;37119.2
638751418910141095;35930.67
638751418910639319;35930.67
638751418911143614;35930.67
638751418911640780;41855.2
638751418912139211;37848.27
638751418912648951;37848.27
638751418913146890;41229.0
638751418913640879;37879.67
638751418914186230;37879.67
638751418914657854;40133.73
638751418915158404;39140.4
638751418915667220;39140.4
638751418916160609;38855.87
638751418916664428;34824.4
638751418917161802;34824.4
638751418917673947;34824.4
638751418919667160;37245.87
638751418920165410;37369.87
638751418920673985;37369.87
638751418921166164;40850.67
638751418921680106;40850.67
638751418922179433;40850.67
638751418922677832;37007.33
638751418923180564;36561.4
638751418923679506;36561.4
638751418924177773;39386.2
638751418924681834;39386.2
638751418925180548;39386.2
638751418925683092;42982.4
638751418926176103;41508.0
638751418926676993;41508.0
638751418927184918;39220.8
638751418927682684;38035.33
638751418928180341;38035.33
638751418928677326;38035.33
638751418929184383;43261.87
638751418929679550;43261.87
638751418930178246;43261.87
638751418930681396;38820.4
638751419026014197;35937.07
638751419026512009;35937.07
638751419027019295;35905.46
638751419027517333;38104.54
638751419028026229;38104.54
638751419028526720;38901.87
638751419029025596;37733.4
638751419029523178;37733.4
638751419030025874;37733.4
638751419030524092;35671.73
638751419031028405;35671.73
638751419031527421;35671.73
638751419032024847;39622.93
638751419032542717;36004.54
638751419033046164;36004.54
638751419033539739;42660.13
638751419034042595;37822.8
638751419034541207;37822.8
638751419035043710;37822.8
638751419035541989;44318.0
638751419036046203;44318.0
638751419036543961;44981.46
638751419037042097;41071.13
638751419037551292;41071.13
638751419038042089;41071.13
638751419038550530;42768.4
638751419039042945;42768.4
638751419039551865;42768.4
638751419040050322;42470.27
638751419040548550;42470.27
638751419041051789;43123.2
638751419041543078;37147.6
638751419042051676;37147.6
638751419042544391;37989.46
638751419043047954;37989.46
638751419043556194;37989.46
638751419044054636;45185.4
638751419044558370;36559.2
638751419045051101;36559.2
638751419045559440;36559.2
638751419047558159;36953.6
638751419048052831;36953.6
638751419048554940;35657.87
638751419049053565;35928.0
638751419049557719;35928.0
638751419050052372;35928.0
638751419050560704;34534.87
638751419051055394;34562.87
638751419051559419;34562.87
638751419052052049;34955.46
638751419052560982;36395.73
638751419053059365;36395.73
638751419053553460;35488.27
638751419054062391;42212.4
638751419054555148;42212.4
638751419055063381;42212.4
638751419055561709;38575.93
638751419056064204;38575.93
638751419056557376;38575.93
638751419057062193;44855.46
638751419057560274;43347.46
638751419058068154;43347.46
638751419058560279;37710.67
638751419059062621;37394.4
638751419059565748;37394.4
638751419060059184;37394.4
638751419060562165;44174.0
638751419061062238;44174.0
638751419061562073;44174.0
638751419062060741;36629.33
638751419062563523;36629.33
638751419063077594;38737.2
638751419063626141;34841.07
638751419064074094;34841.07
638751419064573147;35725.33
638751419154613727;37042.0
638751419155115597;37042.0
638751419155614075;38419.46
638751419156121158;41705.13
638751419156619626;41705.13
638751419157123778;39051.27
638751419157622854;37939.73
638751419158121927;37939.73
638751419158624460;34618.8
638751419159128278;37718.54
638751419159621744;37718.54
638751419160130751;37718.54
638751419160626076;39719.54
638751419161126469;39719.54
638751419161629452;39719.54
638751419162124685;39273.6
638751419162630497;39273.6
638751419163123097;39273.6
638751419163624740;42762.8
638751419164125493;42762.8
638751419164629117;42762.8
638751419165126527;41543.73
638751419165628539;41543.73
638751419166131564;41543.73
638751419166633757;46058.67
638751419167129191;46058.67
638751419167627361;46058.67
638751419168128531;39351.73
638751419168632271;39351.73
638751419169129667;39351.73
638751419169631645;41085.46
638751419170142379;41085.46
638751419170635077;41085.46
638751419171142418;38127.67
638751419171642503;38127.67
638751419172145959;38127.67
638751419172644432;34578.54
638751419173150102;38807.73
638751419173645247;38807.73
638751419174142088;38807.73
638751419174645970;43585.27
638751419175153892;43585.27
638751419175653318;43585.27
638751419176165451;40840.0
638751419176664822;40840.0
638751419177164913;40840.0
638751419177662189;36714.13
638751419178167552;36714.13
638751419178664669;42743.27
638751419179164982;40141.46
638751419179667726;40141.46
638751419180162445;40141.46
638751419180663631;38654.27
638751419181169942;38654.27
638751419181664310;38654.27
638751419182170591;36624.0
638751419182669333;37971.87
638751419183161895;37971.87
638751419183670546;39388.67
638751419184164500;43212.54
638751419184670153;43212.54
638751419185166136;43212.54
638751419185670908;44897.33
638751419186167815;41183.07
638751419186666342;41025.73
638751419187181042;41025.73
638751419187676478;36063.2
638751419188173836;40285.46
638751419188681647;40285.46
638751419189185025;40285.46
638751419189680095;43463.8
638751419190184225;43463.8
638751419190684950;43463.8
638751419191177090;39791.46
638751419191678556;39791.46
638751419192185784;39791.46
638751419192676584;36508.0
638751419193179488;36508.0
638751419193676900;36508.0
638751419194176795;40092.13
638751419194687249;40092.13
638751419195191274;40985.73
638751419195686250;37263.07
638751419196191803;37263.07
638751419196680319;37263.07
638751419197195411;45187.73
638751420640818202;36448.27
638751420641320780;36448.27
638751420641815021;36448.27
638751420642317955;42161.0
638751420642812792;41591.73
638751420643331017;41591.73
638751420643824056;40592.46
638751420644331581;39107.93
638751420644832941;39107.93
638751420645332920;39107.93
638751420645834227;42813.07
638751420646327464;40247.8
638751420646831172;40247.8
638751420647330298;40247.8
638751420647826809;41113.73
638751420648329723;42469.8
638751420648826842;42469.8
638751420649344393;42469.8
638751420649842182;36886.93
638751420650335939;36886.93
638751420650839748;36886.93
638751420651342303;44516.13
638751420651836897;44516.13
638751420652339918;44516.13
638751420652838131;35485.87
638751420653341174;35485.87
638751420653842342;35485.87
638751420654340393;42522.93
638751420654844449;42522.93
638751420655353498;42522.93
638751420655847075;37491.46
638751420656354594;37491.46
638751420656847962;37491.46
638751420657350900;38694.27
638751420657850654;41373.87
638751420658359364;41373.87
638751420658852299;41451.33
638751420659365901;36367.33
638751420659869305;39943.87
638751420660366363;39943.87
638751420660869329;35466.8
638751420661366750;39932.73
638751420661870798;39932.73
638751420662369603;39932.73
638751420662869176;41454.93
638751420663371934;41454.93
638751420663869530;41454.93
638751420664367987;43793.87
638751420664870492;42416.54
638751420665367390;42416.54
638751420665866823;42416.54
638751420666375321;43479.87
638751420666868084;43995.46
638751420667376153;43995.46
638751420667869177;39693.33
638751420668377544;39349.07
638751420668871974;39349.07
638751420669374253;39349.07
638751420669877873;41909.6
638751420670375411;41909.6
638751420670873953;41909.6
638751420671372267;37950.13
638751420671880354;41399.87
638751420672383505;41399.87
638751420672878217;38655.27
638751420673380566;38123.93
638751420673879794;34639.93
638751420674377523;34639.93
638751420674880783;40479.93
638751420675385049;40479.93
638751420675878511;40479.93
638751420676381734;34985.6
638751420676882799;41302.0
638751420677384563;41302.0
638751420677880962;41302.0
638751420678384977;43088.13
638751420678883155;43088.13
638751420679378307;43088.13
638751420679885939;38309.73
638751420680384772;38186.4
638751420680883881;38186.4
638751420681387358;38186.4
638751420681880133;34456.07
638751420682383646;34403.27
638751420682884956;34403.27
638751420683391951;34403.27
638751420683889353;39619.46
638751420684390139;39619.46
638751420684884339;39619.46
638751420787055329;36427.87
638751420787553864;36427.87
638751420789550860;37377.6
638751420790057200;36804.93
638751420790555833;36804.93
638751420791049066;36804.93
638751420791557067;43659.2
638751420792059957;43659.2
638751420792557917;43659.2
638751420793051233;42330.13
638751420793571342;42330.13
638751420794069026;42330.13
638751420794570031;40746.67
638751420795067598;40746.67
638751420795569698;40557.33
638751420796072183;42917.46
638751420796571441;42917.46
638751420797069305;34763.2
638751420797567666;40264.0
638751420798071281;40264.0
638751420798570490;40264.0
638751420799071990;37672.27
638751420799570783;37672.27
638751420800068703;37672.27
638751420800571774;42895.46
638751420801070451;42895.46
638751420801568328;42895.46
638751420802067123;43444.54
638751420802570626;39186.67
638751420803070898;39186.67
638751420803570367;40531.07
638751420804070320;39706.0
638751420804568473;39706.0
638751420805071815;39706.0
638751420805570909;38474.07
638751420806069889;38474.07
638751420806568139;38474.07
638751420807071237;39018.0
638751420807570481;39848.6
638751420808070582;39848.6
638751420808573286;39848.6
638751420809071178;38486.73
638751420809569597;38486.73
638751420810067400;38486.73
638751420810570616;39699.87
638751420811072513;39699.87
638751420811570100;39699.87
638751420812070196;43184.13
638751420812571624;37772.8
638751420813070179;37772.8
638751420813573627;37772.8
638751420814069390;36711.87
638751420814567040;36711.87
638751420815070350;36711.87
638751420815567333;36552.8
638751420816070802;36552.8
638751420816570044;36552.8
638751420817073653;40394.8
638751420817573581;40339.6
638751420818071787;40339.6
638751420818570432;38064.67
638751420819067301;34942.67
638751420819570900;34942.67
638751420820068180;35088.67
638751420820571382;41397.33
638751420821069798;41397.33
638751420821572313;38013.07
638751420822070550;40760.4
638751420822569273;40760.4
638751420823072076;44218.93
638751420823571135;35222.4
638751420824071191;35222.4
638751420824571241;35222.4
638751420825067183;35109.33
638751420924872387;36205.6
638751420925369672;35882.13
638751420925873201;35882.13
638751420926379637;35882.13
638751420926877294;42394.93
638751420927375078;42394.93
638751420927877759;42394.93
638751420928372005;37020.27
638751420928880704;34824.46
638751420929379824;34824.46
638751420929878547;41654.13
638751420930375739;40221.2
638751420930878450;40221.2
638751420931372348;40221.2
638751420931877010;37915.2
638751420932384837;37915.2
638751420932876830;37915.2
638751420933384076;36353.33
638751420933883064;38145.46
638751420934379458;38145.46
638751420934884249;38145.46
638751420935376682;36437.33
638751420935880682;36823.33
638751420936381494;36823.33
638751420936879181;34447.93
638751420937387594;41278.4
638751420937885384;41278.4
638751420938382740;41278.4
638751420938886674;41791.87
638751420939378673;40748.54
638751420939886667;40748.54
638751420940385382;42511.33
638751420940883523;37974.93
638751420941391765;37974.93
638751420941884655;39677.46
638751420942392518;36323.2
638751420942885838;36323.2
638751420943391539;40667.07
638751420943883834;43474.0
638751420944386563;43474.0
638751420944888831;35024.54
638751420945390694;35440.67
638751420945889682;35440.67
638751420946392701;35440.67
638751420946891267;41387.33
638751420947388506;41387.33
638751420947893480;41387.33
638751420948391396;38943.46
638751420948885380;37996.2
638751420949392670;37996.2
638751420949893684;37996.2
638751420950393840;42685.93
638751420950888151;40718.2
638751420951396636;40718.2
638751420951895242;34964.13
638751420952390318;34388.0
638751420952893913;36150.46
638751420953391753;36150.46
638751420953889789;38649.6
638751420954442316;38005.87
638751420954925276;38005.87
638751420955423026;38005.87
638751420955922860;34400.8
638751420956420593;38271.2
638751420956918537;38271.2
638751420957425795;38271.2
638751420957919612;36042.93
638751420958422707;37826.93
638751420958921350;37826.93
638751420959424890;43145.87
638751420959922834;36656.6
638751420960421093;36656.6
638751420960918969;35893.6
638751420961426844;41358.27
638751420961920124;41358.27
638751420962418585;41358.27
638751420962921394;34883.73
638751420963421326;34883.73
638751420963920277;34883.73
638751420964428172;42723.33
638751420964931878;43164.54
638751420965431368;43164.54
638751420965927289;38926.33
638751420966425975;35823.73
638751420966925282;35823.73
638751420967428421;35823.73
638751420967926300;41389.67
638751422400077316;39100.13
638751422400576076;39100.13
638751422401083064;39100.13
638751422401581671;34975.73
638751422402080514;35864.54
638751422402578814;35864.54
638751422403086460;36597.2
638751422403589724;43567.6
638751422404080777;38502.27
638751422404583279;38502.27
638751422405081692;42421.87
638751422405592456;43557.6
638751422406085578;43557.6
638751422406593110;35802.93
638751422407086048;41311.07
638751422407585630;41311.07
638751422408088932;37654.8
638751422408592692;36100.8
638751422409090037;36100.8
638751422409595760;36100.8
638751422410094179;37766.8
638751422410596321;37714.54
638751422411094683;37714.54
638751422411592617;43221.07
638751422412095485;43221.07
638751422412594237;43221.07
638751422413116808;38491.33
638751422413594084;41835.46
638751422414097369;41835.46
638751422414595358;41835.46
638751422415094427;36992.54
638751422415594038;36992.54
638751422416101098;36992.54
638751422416598385;40917.2
638751422417096760;40917.2
638751422417595318;40917.2
638751422418098045;40917.07
638751422418596380;42213.33
638751422419100471;42213.33
638751422419598908;42213.33
638751422420097203;37320.0
638751422420600311;38751.33
638751422421094776;38751.33
638751422421592620;41920.93
638751422422099890;36005.6
638751422422593100;36005.6
638751422423097155;36005.6
638751422423600857;41101.27
638751422424099303;41101.27
638751422424592887;41101.27
638751422425143684;38107.6
638751422425626220;44686.93
638751422426118792;44686.93
638751422426623218;44686.93
638751422427121605;39908.13
638751422427624849;43646.4
638751422428122695;43646.4
638751422428629508;43646.4
638751422429127784;37628.4
638751422429629696;38796.27
638751422430123368;38796.27
638751422430631106;43766.67
638751422431129474;43766.67
638751422431627912;43766.67
638751422432131488;40811.46
638751422432629352;40811.46
638751422433122808;40811.46
638751422433630875;43386.2
638751422434128292;44662.2
638751422434636038;44662.2
638751422435134698;43736.93
638751422543350032;37765.87
638751422543851846;35927.73
638751422545367193;41866.0
638751422545861005;35238.6
638751422546359108;35238.6
638751422546867216;35238.6
638751422547359427;41007.07
638751422547863299;41007.07
638751422548366204;41007.07
638751422548870253;34361.07
638751422549365906;34361.07
638751422549869617;34361.07
638751422550382172;36776.07
638751422550884968;42566.8
638751422551383567;42566.8
638751422551876574;42566.8
638751422552383151;40687.2
638751422552885957;40687.2
638751422553379253;40687.2
638751422553897426;41917.73
638751422554396079;40283.2
638751422554898612;40283.2
638751422555396952;41510.33
638751422555895803;43941.07
638751422556398333;42252.54
638751422556895832;42252.54
638751422557396645;40996.73
638751422557895894;38036.93
638751422558396015;38036.93
638751422558895874;38036.93
638751422559395746;35417.4
638751422559899771;43520.8
638751422560397425;43520.8
638751422560895497;43520.8
638751422561403591;39142.93
638751422561897709;39142.93
638751422562400868;39142.93
638751422562899325;35720.8
638751422563402073;35612.54
638751422563904485;35612.54
638751422564396500;35612.54
638751422564900094;40917.54
638751422565403473;43821.4
638751422565896030;43821.4
638751422566402988;42478.13
638751422566906228;37453.87
638751422567405718;37453.87
638751422567903982;37453.87
638751422568397929;42256.67
638751422568905944;42256.67
638751422569411891;42256.67
638751422569904648;41605.73
638751422570413251;36721.13
638751422570917247;36721.13
638751422571411640;36721.13
638751422571913079;42764.27
638751422572410487;42764.27
638751422572924967;42764.27
638751422573420393;37493.07
638751422573918309;39253.2
638751422574423091;39253.2
638751422574921317;39253.2
638751422575424095;35941.46
638751422575926479;35941.46
638751422576424920;35941.46
638751422576929708;35754.54
638751422577423958;35179.46
638751422577927124;35179.46
638751422578421172;35179.46
638751422578924306;42862.67
638751422681068109;35994.93
638751422681571957;35994.93
638751422682070734;36639.27
638751422682566730;40316.87
638751422683069398;40316.87
638751422683562883;43493.6
638751422684066351;36235.8
638751422684578918;36235.8
638751422685077900;36235.8
638751422685572369;40054.6
638751422686071743;41600.27
638751422686586053;41600.27
638751422687096581;41600.27
638751422687596061;38703.07
638751422688096760;38703.07
638751422688599127;38703.07
638751422689096829;36333.87
638751422689598240;37849.33
638751422690096215;37849.33
638751422690599579;34926.87
638751422691096883;34926.87
638751422691599444;34926.87
638751422692097758;35899.93
638751422692597113;35899.93
638751422693099641;35899.93
638751422693598120;35832.93
638751422694096418;35832.93
638751422694598935;35832.93
638751422695097375;34622.0
638751422695590861;41224.0
638751422696099253;41224.0
638751422696597295;37316.8
638751422697100531;35255.6
638751422697597890;35255.6
638751422698096923;35255.6
638751422698600638;36943.54
638751422699098741;38040.73
638751422699597581;38040.73
638751422700097488;38040.73
638751422700596807;38982.4
638751422701097624;38982.4
638751422701599473;38982.4
638751422702100571;35698.4
638751422702600565;36635.46
638751422703100879;36635.46
638751422703601908;36164.87
638751422704101065;36164.87
638751422704606800;36164.87
638751422705102785;34470.27
638751422705598755;34470.27
638751422706111740;34470.27
638751422707110319;41113.6
638751422707612100;41113.6
638751422708107935;41113.6
638751424083646774;37620.54
638751424084141425;37620.54
638751424084647227;37620.54
638751424085149321;41122.93
638751424085647948;41122.93
638751424086150344;41122.93
638751424086644799;39479.87
638751424087144093;39479.87
638751424087650683;39372.13
638751424088143936;35076.93
638751424088653754;37836.0
638751424089149823;37836.0
638751424089658227;36909.6
638751424090161948;37740.27
638751424090653439;37740.27
638751424091167228;37740.27
638751424091665640;34349.87
638751424092162129;34349.87
638751424092667339;34349.87
638751424093163780;36241.73
638751424093665621;41755.6
638751424094167369;41755.6
638751424094662805;41755.6
638751424095158614;36242.93
638751424096661951;38756.8
638751424097168481;36012.54
638751424097664156;36012.54
638751424098163956;36012.54
638751424098670081;38687.33
638751424099172160;38687.33
638751424099673075;38687.33
638751424100181649;38584.13
638751424100681775;42324.27
638751424101171893;42324.27
638751424101677655;42324.27
638751424102176133;42324.27
638751424102678923;38244.13
638751424103178089;38244.13
638751424103671981;38244.13
638751424104177345;35386.93
638751424107677371;35279.33
638751424108191786;35279.33
638751424108694834;34536.27
638751424109186270;35763.87
638751424109689868;35763.87
638751424110189007;35763.87
638751424110690903;37837.6
638751424111195144;37837.6
638751424111693377;37837.6
638751424112191744;42506.0
638751424112693394;43035.87
638751424113278093;43035.87
638751424113704046;43035.87
638751424114194629;42389.07
638751424114701251;42389.07
638751424115197538;42389.07
638751424115696118;34732.0
638751424116202476;36183.2
638751424116699498;36183.2
638751424117201318;36183.2
638751424117702474;41643.33
638751424118199120;41643.33
638751424118710475;41643.33
638751424119208258;38633.2
638751424119706937;38633.2
638751424120207274;38633.2
638751424120709176;42540.27
638751424121206640;39492.8
638751424121712230;39492.8
638751424122207631;39492.8
638751424122710733;36007.2
638751424244230530;36571.33
638751424244735140;34748.27
638751424245232334;34748.27
638751424245734537;36663.73
638751424246238956;39482.07
638751424246734524;39482.07
638751424247239753;39482.07
638751424247732835;40889.27
638751424248240191;41562.13
638751424248739911;41562.13
638751424249234999;41562.13
638751424249738406;37552.54
638751424250237229;38591.73
638751424250739346;38591.73
638751424251238056;38591.73
638751424251732156;37168.27
638751424252245241;43301.33
638751424252744012;43301.33
638751424253247902;43301.33
638751424257745361;34460.67
638751424258255908;34460.67
638751424258755068;34460.67
638751424259749973;40373.87
638751424260253488;40373.87
638751424260747839;41689.07
638751424262749320;36920.27
638751424362480018;36480.54
638751424362978220;37704.27
638751424363481438;37704.27
638751424363974941;42043.46
638751424364481148;42043.46
638751424364983327;42043.46
638751424365481239;42927.46
638751424365984551;42927.46
638751424366482475;42927.46
638751424366990066;38484.27
638751424367482505;38484.27
638751424368002969;38484.27
638751424368500221;41559.73
638751424369000182;38569.2
638751424369502903;38569.2
638751424370001831;38569.2
638751424370501367;40310.0
638751424371000120;35398.13
638751424371504384;35398.13
638751424372004838;37793.07
638751424372497871;42517.33
638751424373006892;42517.33
638751424373507453;42517.33
638751424374503743;42873.07
638751424375017514;42873.07
638751424375508332;42873.07
638751424377522975;35242.93
638751424378025985;35242.93
638751424378525657;35242.93
638751424379024573;34404.13
638751424379523679;34404.13
638751424380024022;34404.13
638751424380526452;37525.87
638751424381023823;37525.87
638751424381526721;37525.87
638751424382024548;37634.93
638751424382527725;37701.87
638751424383022442;37701.87
638751424383527402;43166.67
638751424384026338;38837.93
638751424384524727;38837.93
638751424385023793;38837.93
638751424385527944;43225.87
638751424386026115;35175.07
638751424386527826;35175.07
638751424387025768;35175.07
638751424387523634;44195.87
638751424388023222;44195.87
638751424388531714;44195.87
638751424389030796;35570.93
638751424389527979;36207.73
638751424390031574;36207.73
638751424390528951;36207.73
638751424391027093;39237.8
638751424391534710;42967.07
638751424392028281;42967.07
638751424392537386;42967.07
638751424394533053;36875.6
638751425736966552;37996.27
638751425737471173;37996.27
638751425737970977;37996.27
638751425738468839;43250.27
638751425738982383;43250.27
638751425739480845;43250.27
638751425739974226;36834.4
638751425740483932;39205.33
638751425740982576;36462.93
638751425741479889;36462.93
638751425741982110;39982.0
638751425742478897;39738.67
638751425742977968;39738.67
638751425743476664;39738.67
638751425743984326;41498.93
638751425744478531;41331.73
638751425744992751;41331.73
638751425745487010;41331.73
638751425745991899;36877.6
638751425746487232;36877.6
638751425746986345;36877.6
638751425747484451;39678.87
638751425747987416;38116.73
638751425748499498;38116.73
638751425748998119;34956.13
638751425749490622;38630.8
638751425749998829;38630.8
638751425750492224;38630.8
638751425750991779;43371.33
638751425751499701;43371.33
638751425752000703;43371.33
638751425752497161;43371.33
638751425752999354;37763.93
638751425753497769;38723.0
638751425754000326;38723.0
638751425754498696;38723.0
638751425754991258;35475.46
638751425755509748;37505.46
638751425756010436;39035.6
638751425756509080;39035.6
638751425757006144;40384.54
638751425757505594;35414.54
638751425758004390;35414.54
638751425758508023;35414.54
638751425759007954;38695.07
638751425759511912;38695.07
638751425760015219;38695.07
638751425760512601;40733.46
638751425761010466;37072.93
638751425761525461;37072.93
638751425762028746;35982.13
638751425762527094;41171.46
638751425763024603;38641.73
638751425763524008;38641.73
638751425764021587;41121.46
638751425764580351;38825.6
638751425765047962;38825.6
638751425765546810;38825.6
638751425766048317;36922.13
638751425766546238;42295.67
638751425767048838;42295.67
638751425767547039;42295.67
638751425768046093;35783.8
638751425768554833;39749.2
638751425769054754;39749.2
638751425769554830;39749.2
638751425770056678;39893.73
638751425770549637;40561.46
638751425771058271;40561.46
638751425771549478;40561.46
638751425772063244;35872.07
638751425772561645;43350.8
638751425773058721;43350.8
638751425773561382;43350.8
638751425774059027;39690.8
638751425774557371;40395.33
638751425775063546;40395.33
638751425775561713;40395.33
638751425776066921;41602.8
638751425776560128;38940.6
638751425777067740;38940.6
638751425777565851;38940.6
638751425778093197;39461.46
638751425778595180;43155.2
638751425779092473;43155.2
638751425779590545;43155.2
638751425780095648;39644.0
638751425780589115;39091.87
638751425781093526;39091.87
638751425782090371;39070.4
638751425782598780;39070.4
638751425783097651;41203.93
638751425783595162;37038.0
638751425784092003;37038.0
638751425784606490;37038.0
638751425887325269;36451.87
638751425888824526;43182.67
638751425890825128;36778.33
638751425891325105;36778.33
638751425891817643;36778.33
638751425892330596;38418.13
638751425892832759;38418.13
638751425893331081;38418.13
638751425893829188;40105.4
638751425894333785;39610.93
638751425894827113;39610.93
638751425895326336;44232.54
638751425895838475;41306.27
638751425896332292;41306.27
638751425896839131;41954.8
638751425897331739;41682.87
638751425897849066;41682.87
638751425898390398;41804.67
638751425898868289;37126.2
638751425899368591;37126.2
638751425899861095;37126.2
638751425900361078;40694.27
638751425900870149;40694.27
638751425901360170;38971.46
638751425901873272;42712.54
638751425902371175;42712.54
638751425902866872;42712.54
638751425903365439;40092.13
638751425903864079;40092.13
638751425904382441;40092.13
638751425904877417;42178.27
638751425905380878;40670.0
638751425905891140;40670.0
638751425906384772;40739.8
638751425906899711;40847.13
638751425907408924;40847.13
638751425907902345;39811.87
638751425908405144;41972.0
638751425908917528;41972.0
638751425909416023;41637.46
638751426029008628;39393.6
638751426029508634;39007.2
638751426030007012;39007.2
638751426030506395;39007.2
638751426031009010;37628.67
638751426031506937;37628.67
638751426032010943;37628.67
638751426032503632;41260.67
638751426033002693;36292.4
638751426033511274;36292.4
638751426034008454;42321.73
638751426034508716;43926.8
638751426035006222;43926.8
638751426035505673;43926.8
638751426036034637;39258.8
638751426036511825;35885.33
638751426037009407;35885.33
638751426037514019;35885.33
638751426038011088;42074.13
638751426038515479;41305.33
638751426039008937;41305.33
638751426039513471;41305.33
638751426040011325;38352.93
638751426040510823;38352.93
638751426041013356;38352.93
638751426041516319;40582.13
638751426042013635;41458.13
638751426042511891;41458.13
638751426043009914;38997.67
638751426043517338;38549.93
638751426044017459;38549.93
638751426044526299;38549.93
638751426045020128;40868.93
638751426045525536;41655.07
638751426046019888;41655.07
638751426046526794;40952.27
638751426047021162;35566.13
638751426047523240;35566.13
638751426048027854;40262.13
638751426049525821;40345.07
638751426051036649;43041.13
638751426051538923;43041.13
638751426052037891;43041.13
638751426053034963;40236.54
638751426053538934;40236.54
638751426054036160;41002.27
638751426054539219;34609.6
638751426055037731;37148.13
638751426055550040;37148.13
638751426056052306;40253.6
638751426056551895;39692.8
638751426057050047;44063.73
638751426057549740;44063.73
638751426058053043;39153.07
638751426058552028;41461.33
638751426059049967;41461.33
638751426059548509;41461.33
638751426060051236;42826.8
638751426060553678;38465.33
638751426061052234;38465.33
638751426061550254;35597.93
638751426062050131;39674.0
638751426062548292;39674.0
638751426063048682;39674.0
638751426063548813;45202.0
638751426064052231;41350.0
638751426064551880;41350.0
638751426065050446;39782.6
638751426065559525;41378.0
638751426066071831;43879.33
638751426066564892;43879.33
638751426067057169;40688.93
638751426067561313;40751.07
638751426068059328;38604.54
638751426068562671;38604.54
638751426069064515;44166.27
638751427419782540;36802.67
638751427420286945;34427.33
638751427420785080;34427.33
638751427421284300;35661.87
638751427421784331;41130.93
638751427423285881;36265.07
638751427426788004;35299.73
638751427427291510;35299.73
638751427427791338;35299.73
638751427428286970;44533.87
638751427428785026;44533.87
638751427429283546;44533.87
638751427429791068;36386.54
638751427430294584;41214.27
638751427430791065;41214.27
638751427431295261;41214.27
638751427431793956;36126.67
638751427432287945;44085.73
638751427432807200;44085.73
638751427433300409;44807.67
638751427433810148;35848.54
638751427434308318;35848.54
638751427434802209;35380.67
638751427435320121;39399.73
638751427435819904;39399.73
638751427436317974;34910.93
638751427436811540;34910.93
638751427437319836;34910.93
638751427437812916;35038.4
638751427438311357;34832.4
638751427438819493;34832.4
638751427439317157;35440.54
638751427439826072;44001.87
638751427440318649;44001.87
638751427440825810;44001.87
638751427441325575;40702.0
638751427441818287;40702.0
638751427442321656;40702.0
638751427442824575;38406.13
638751427443322181;38406.13
638751427443826138;38406.13
638751427444325641;35471.87
638751427444826269;35936.13
638751427445320364;35936.13
638751427445817994;35329.6
638751427446335597;35329.6
638751427446827734;35329.6
638751427447329719;34864.87
638751427447832887;34864.87
638751427448334358;34864.87
638751427448839562;35459.46
638751427449338658;35598.93
638751427449841266;35598.93
638751427450340455;35598.93
638751427450833748;46135.73
638751427451336066;42637.07
638751427451839169;42637.07
638751427452338646;34888.0
638751427452841548;45359.33
638751427453338174;45359.33
638751427453835864;45359.33
638751427454332749;38583.67
638751427555231585;38455.33
638751427555742483;38455.33
638751427556240407;38455.33
638751427556741050;34846.54
638751427557241710;37708.8
638751427557744739;37708.8
638751427558245780;37708.8
638751427558740818;42177.2
638751427559237348;39458.54
638751427559742936;39458.54
638751427560245935;44401.13
638751427560749167;36069.2
638751427561250962;36069.2
638751427561757660;36069.2
638751427562259922;37994.0
638751427562753624;43624.13
638751427563261910;43624.13
638751427563763551;43624.13
638751427564261853;35078.54
638751427564764012;39657.54
638751427565260113;39657.54
638751427565756831;39657.54
638751427566272011;41810.13
638751427566775231;41810.13
638751427567274954;41810.13
638751427567777427;38160.54
638751427568275654;40034.93
638751427568790461;40034.93
638751427569280824;38341.6
638751427569784960;36359.73
638751427570284122;36359.73
638751427570786895;35381.2
638751427571283268;35404.54
638751427571790688;35404.54
638751427572284603;37059.87
638751427572788783;37059.87
638751427573284990;37059.87
638751427573789254;37189.33
638751427574283769;45460.4
638751427574788739;45460.4
638751427575287245;45460.4
638751427575787399;35136.0
638751427576286307;45923.4
638751427576788714;45923.4
638751427577284030;39281.33
638751427577787456;38035.87
638751427578290703;38035.87
638751427578785246;44547.0
638751427579288458;36244.27
638751427579783313;36244.27
638751427580283927;43084.0
638751427580792180;36842.4
638751427581292699;36842.4
638751427581789672;36842.4
638751427582293636;35474.73
638751427582791072;35474.73
638751427583286261;35474.73
638751427583793942;41345.46
638751427584289920;36090.13
638751427584785975;36090.13
638751427585293451;40327.2
638751427585787840;40425.87
638751427586302468;40425.87
638751427586812889;40425.87
638751427587309408;44433.6
638751427587810116;44433.6
638751427588312756;44433.6
638751427588812879;43236.4
638751427589308509;35245.46
638751427589811093;35245.46
638751427590310159;45078.13
638751427590808371;37828.4
638751427591305261;37828.4
638751427591806793;37828.4
638751427592305090;35643.07
638751427593814901;36092.67
638751427594306672;37948.73
638751427594814456;37948.73
638751427595313302;36667.67
638751427711116114;36281.33
638751427711611718;36281.33
638751427712113890;38243.0
638751427712610911;36645.46
638751427713117115;36645.46
638751427713613406;38629.46
638751427714110310;35047.87
638751427714610472;35047.87
638751427715115452;35047.87
638751427715607877;38756.13
638751427716116660;38756.13
638751427716617080;38756.13
638751427717107687;34875.2
638751427717622654;40586.67
638751427718116563;40586.67
638751427718616000;40586.67
638751427719121568;44695.46
638751427719613438;44695.46
638751427720126086;44695.46
638751427720625669;38759.54
638751427721123235;35460.8
638751427721620359;35460.8
638751427722117886;35460.8
638751427722630419;45342.54
638751427723135370;45342.54
638751427723629562;45342.54
638751427724138587;42327.33
638751427724640595;44911.93
638751427725146524;44911.93
638751427725645028;34886.4
638751427726141149;35544.0
638751427726644771;35544.0
638751427727143768;35544.0
638751429078029923;36044.93
638751429078529520;35945.46
638751429079028201;35945.46
638751429079526660;38621.67
638751429080029123;46624.4
638751429080522091;46624.4
638751429081029063;46624.4
638751429081531094;35811.2
638751429082023997;35811.2
638751429082528290;35811.2
638751429083031047;36364.27
638751429083529801;37002.6
638751429084032189;37002.6
638751429084522081;41542.4
638751429085029761;39279.2
638751429085524141;39279.2
638751429086031945;39279.2
638751429086525609;44389.93
638751429087028605;41410.13
638751429087531880;41410.13
638751429088034655;37246.13
638751429088533276;42395.2
638751429089032331;42395.2
638751429089530056;40222.4
638751429090029105;40076.8
638751429090528689;40076.8
638751429091028332;42479.33
638751429091524777;40744.8
638751429092033125;40744.8
638751429092525515;42552.07
638751429093032555;38454.4
638751429093535422;38454.4
638751429094032194;37283.46
638751429094530196;35411.73
638751429095028248;35411.73
638751429095527177;35411.73
638751429096026702;42921.87
638751429096535254;41223.33
638751429097034786;41223.33
638751429097533211;43767.33
638751429098040510;43767.33
638751429098533801;43767.33
638751429099043024;40713.6
638751429099536446;46879.13
638751429100040123;46879.13
638751429100542718;46879.13
638751429101045564;42545.46
638751429101546514;42278.67
638751429102039001;42278.67
638751429102542361;46891.87
638751429103042150;35617.07
638751429103544763;35617.07
638751429104039999;45918.13
638751429104538554;38528.8
638751429105046335;38528.8
638751429105544806;36749.0
638751429106049230;38213.87
638751429106541604;38213.87
638751429107049348;38213.87
638751429107541521;45940.4
638751429108053819;45940.4
638751429108546207;45940.4
638751429109053087;44716.0
638751429109554700;38193.46
638751429110064384;38193.46
638751429110562881;42654.4
638751429111060941;41975.2
638751429111573659;41975.2
638751429112076333;40979.46
638751429112569385;42753.73
638751429113076831;42753.73
638751429113572428;36339.2
638751429114072713;37268.54
638751429114586717;37268.54
638751429115079392;37268.54
638751429115578028;36058.13
638751429116080800;36058.13
638751429116589187;36058.13
638751429117084739;36168.54
638751429220212623;36937.07
638751429220730692;36937.07
638751429221234221;36937.07
638751429221731323;36502.4
638751429222229866;36518.4
638751429222728848;36518.4
638751429223227957;37452.27
638751429223730929;36253.07
638751429224228702;36253.07
638751429224727366;44675.6
638751429225236849;36595.73
638751429225736106;36595.73
638751429226229207;38290.13
638751429226743121;39837.33
638751429227240402;39837.33
638751429227738151;43927.6
638751429228236908;38606.67
638751429228750254;38606.67
638751429229249945;36123.67
638751429229743938;38334.4
638751429230247488;38334.4
638751429230745019;42540.0
638751429231247636;38943.2
638751429231750611;38943.2
638751429232250312;39058.67
638751429232743161;39326.54
638751429233257284;39326.54
638751429233749397;39326.54
638751429234253946;40029.87
638751429234758277;39650.27
638751429235255390;39650.27
638751429235749203;38644.67
638751429236253425;38656.13
638751429236757490;40622.93
638751429237257984;40622.93
638751429237758359;44522.67
638751429238263057;43328.87
638751429238755793;43328.87
638751429239263854;43328.87
638751429239756590;36706.54
638751429240255385;43124.27
638751429240767606;43124.27
638751429241267186;43124.27
638751429241766584;41092.13
638751429242270295;45817.67
638751429242766384;45817.67
638751429243270203;38507.6
638751429243763760;38173.07
638751429244267297;38173.07
638751429244761228;37148.27
638751429245270241;37148.27
638751429245768617;37148.27
638751429246271931;38937.07
638751429246765371;39142.67
638751429247273538;39142.67
638751429247771332;39142.67
638751429248275464;38126.67
638751429248773489;36962.13
638751429249278173;36962.13
638751429249771231;36962.13
638751429250279424;37175.2
638751429250778746;42732.54
638751429251280929;42732.54
638751429251773927;42732.54
638751429252286519;38749.07
638751429252784140;38749.07
638751429253283456;38749.07
638751429253781200;39576.8
638751429254285363;38751.6
638751429254779119;38751.6
638751429255287441;38955.2
638751429255784313;46560.13
638751429256292054;46560.13
638751429256785354;39648.27
638751429360505487;36365.33
638751429360999778;36303.46
638751429361498833;36303.46
638751429362002402;41363.73
638751429362506621;41363.73
638751429362999582;41363.73
638751429363502037;43173.33
638751429364000610;44050.27
638751429364503872;44050.27
638751429365006498;46366.54
638751429365504716;36712.54
638751429365999214;36712.54
638751429366497753;36712.54
638751429367007247;38661.87
638751429367507668;38661.87
638751429368002891;38661.87
638751429368505290;38600.0
638751429368999384;46083.2
638751429369511460;46083.2
638751429370003526;45387.4
638751429370511850;43528.4
638751429371012608;43528.4
638751429371505959;43528.4
638751429372009203;36312.27
638751429372507360;43041.93
638751429373016020;43041.93
638751429373514335;43041.93
638751429374011955;41247.07
638751429374514391;41927.73
638751429375009036;41927.73
638751429375518121;41927.73
638751429376012383;39024.27
638751429376510964;42527.93
638751429377012061;42527.93
638751429377513814;38718.93
638751429378017661;37498.13
638751429378516148;37498.13
638751429379013923;37889.87
638751429379511127;38290.93
638751429380014551;38290.93
638751429380520490;38290.93
638751429381013706;38477.07
638751429381516383;38993.6
638751429382020632;38993.6
638751429382519121;38993.6
638751429383017556;38226.93
638751429383526496;38226.93
638751429384024156;38226.93
638751429384522328;39186.67
638751429385021234;39186.67
638751429385520592;39186.67
638751429386024651;38126.93
638751429386521228;38126.93
638751429387033291;38126.93
638751429387531186;41929.33
638751429388030712;41929.33
638751429388530535;41929.33
638751429389034240;40393.33
638751429389536760;40393.33
638751429390035815;40393.33
638751429390533044;45019.13
638751429391045122;45019.13
638751429391548921;45019.13
638751429392041412;37772.07
638751429392539986;37772.07
638751429393043225;45889.46
638751429393546253;41555.2
638751429394049719;41555.2
638751429394542216;41555.2
638751429395058171;37309.6
638751429395558362;37309.6
638751429396062282;37309.6
638751429396555060;40460.13
638751429397058997;38519.2
638751429397565938;38519.2
638751429398062733;38948.0
638751430748634305;37565.07
638751430749127796;37565.07
638751430749636045;37565.07
638751430750128801;36421.93
638751430750637569;41562.93
638751430751134179;41562.93
638751430751633483;38251.33
638751430752133249;42829.87
638751430752642162;35425.67
638751430753145070;35425.67
638751430753644237;35689.67
638751430754135593;39246.6
638751430754644198;41141.73
638751430755137145;41141.73
638751430755649589;42666.73
638751430756150149;43859.8
638751430756644269;43859.8
638751430757144029;45387.87
638751430757643027;36014.93
638751430758142984;36014.93
638751430758642657;36014.93
638751430759159275;37243.6
638751430759656398;37243.6
638751430760153966;37243.6
638751430760657497;39363.93
638751430761156143;44069.6
638751430761654925;44069.6
638751430762159448;44069.6
638751430762657728;40430.93
638751430763154749;40430.93
638751430763654412;40430.93
638751430764152686;39132.8
638751430764656176;36706.4
638751430765158727;36706.4
638751430765659557;36706.4
638751430766152991;44864.2
638751430766652679;44864.2
638751430767160539;44864.2
638751430767664405;36939.07
638751430768159401;42351.6
638751430768662366;42351.6
638751430769160227;41459.33
638751430769659019;37475.46
638751430770163037;37475.46
638751430770661964;37475.46
638751430771160546;40305.2
638751430771664952;40305.2
638751430772163726;40305.2
638751430772665916;43810.93
638751430773163417;41302.27
638751430773666172;41302.27
638751430774174626;41302.27
638751430774668814;38727.46
638751430775172413;38646.67
638751430775674779;38646.67
638751430776167373;38646.67
638751430776675451;43610.67
638751430777178501;41269.07
638751430777677819;41269.07
638751430778171220;41269.07
638751430778669759;35252.27
638751430779178100;44794.0
638751430779673938;44794.0
638751430780172236;44794.0
638751430780671317;39192.93
638751430781174299;41134.93
638751430781671785;41134.93
638751430782183796;41134.93
638751430782683535;42849.73
638751430783181909;42849.73
638751430783680540;42849.73
638751430784183653;42148.54
638751430784686751;34444.27
638751430785255111;34444.27
638751430785688230;34444.27
638751430786181182;40945.07
638751430786684910;37312.8
638751430787182522;37312.8
638751430787680654;38356.54
638751430788183615;42037.2
638751430788697549;42037.2
638751430789200580;42037.2
638751430789708592;43504.27
638751430790201997;41068.2
638751430790705178;41068.2
638751430791214166;41068.2
638751430791712823;35802.13
638751430792211272;35802.13
638751430792713891;35802.13
638751430890116497;36299.6
638751430890616249;35726.0
638751430891114556;35726.0
638751430891617159;41806.2
638751430892125368;40784.54
638751430892618162;40784.54
638751430893130849;40784.54
638751430893629299;42206.27
638751430894122086;42206.27
638751430894625109;42206.27
638751430895124761;42850.8
638751430895627529;42149.87
638751430896126686;42149.87
638751430896650445;40394.0
638751430897128882;44214.0
638751430897628059;44214.0
638751430898136981;44214.0
638751430898635003;38203.46
638751430899140403;43525.87
638751430899635120;43525.87
638751430900141353;43525.87
638751430900634837;43639.6
638751430901139055;43639.6
638751430901636949;43639.6
638751430902142279;42269.4
638751430902635456;42269.4
638751430903139330;42269.4
638751430903638172;41024.8
638751430904141032;41024.8
638751430904634139;39054.4
638751430905148546;43813.33
638751430905648947;43813.33
638751430906152821;43813.33
638751430906646009;38146.13
638751430907149829;38146.13
638751430907648694;38146.13
638751430908155390;43229.6
638751430908652825;43686.4
638751430909161361;43686.4
638751430909659538;41675.07
638751430910165201;35667.87
638751430910657608;41794.67
638751430911165435;41794.67
638751430911663471;41794.67
638751430912166160;36198.93
638751430912659297;42903.07
638751430913162858;42903.07
638751430913659901;42903.07
638751430914163306;43934.13
638751430914671180;41999.46
638751430915165218;41999.46
638751430915662014;37088.27
638751430916166281;36256.54
638751430916663033;36256.54
638751430917171493;36256.54
638751430917669450;44296.93
638751430918168222;44296.93
638751430918672307;44296.93
638751430919163229;42349.07
638751430919661380;44402.0
638751430920179125;44402.0
638751430920672556;40775.33
638751430921179027;40237.07
638751430921674020;40237.07
638751430922178574;40237.07
638751430922676198;42953.46
638751430923171400;42953.46
638751430923674386;42953.46
638751430924178043;41097.33
638751430924676898;41097.33
638751430925174774;41097.33
638751430925672742;37760.27
638751430926181095;37760.27
638751430926672665;37760.27
638751430927177339;40777.07
638751430927690866;40045.6
638751430928186976;40045.6
638751430928705450;41466.0
638751430929199724;36964.13
638751430929718330;36964.13
638751430930216460;36964.13
638751430930719483;34812.0
638751430931217279;41567.07
638751430931715370;41567.07
638751430932217786;41567.07
638751430932717782;40976.73
638751431026817876;36606.27
638751431027317830;36606.27
638751431027815412;34912.13
638751431028815853;35311.73
638751431029318661;35311.73
638751431029820312;36130.67
638751431030320356;42342.0
638751431030817635;42342.0
638751431031316511;42342.0
638751431031819299;35036.27
638751431032316276;35036.27
638751431032820179;35036.27
638751431033317872;34886.8
638751431033816097;34886.8
638751431034320290;34886.8
638751431034819980;35878.27
638751431035318518;37034.4
638751431035816387;37034.4
638751431036319929;38704.27
638751431036818831;36401.2
638751431037316374;36401.2
638751431037824172;36401.2
638751431038320255;43890.4
638751431038823079;43890.4
638751431039323481;43890.4
638751431039845867;43497.87
638751431040324645;38886.54
638751431040817607;38886.54
638751431041317065;38886.54
638751431041821004;39397.87
638751431042320768;42362.93
638751431042823793;42362.93
638751431043322248;42362.93
638751431043818539;36056.0
638751431044320954;36056.0
638751431044820048;36056.0
638751431045323011;41205.07
638751431045825416;41205.07
638751431046328494;41205.07
638751431046826158;42875.2
638751431047331163;40696.27
638751431047831144;40696.27
638751431048334003;40696.27
638751431048827060;38926.93
638751431049334844;38926.93
638751431049832221;38926.93
638751431050335730;44128.13
638751431050833247;44128.13
638751431051327381;44128.13
638751431051830434;35083.46
638751431052329646;35083.46
638751431052832284;35083.46
638751431053339844;35339.46
638751431053838785;38837.07
638751431054340503;38837.07
638751431054849222;42461.2
638751431055343593;42461.2
638751431055861856;42461.2
638751431056357403;34930.27
638751431056860814;34930.27
638751431057362401;35425.46
638751431057854934;34789.54
638751431058363042;34789.54
638751431058860259;35844.93
638751431059374519;37509.07
638751431059872644;37509.07
638751431060376460;37509.07
638751431060875033;42920.0
638751431061377669;41339.87
638751431061870991;41339.87
638751431062374187;41339.87
638751431062867690;34654.8
638751431063377198;34654.8
638751431063874647;34654.8
638751431064377827;40181.07
638751431064869743;39385.6
638751431065373389;39385.6
638751431065870491;35007.6
638751431066371689;34419.73
638751431066869459;34419.73
638751431067388764;36897.6
638751431067884158;42311.07
638751431068391838;42311.07
638751431068890001;42311.07
638751431069388693;43524.27
638751432433218199;35988.0
638751432434753209;36011.73
638751432435223262;36705.46
638751432435734629;36705.46
638751432436231435;36261.67
638751432436731947;34657.87
638751432437231142;34657.87
638751432437738238;34343.6
638751432439742734;34946.6
638751432440246921;34946.6
638751432440741691;34458.67
638751432442243924;35909.6
638751432442743039;35909.6
638751432443245256;35286.0
638751432443737475;37943.73
638751432444251199;37943.73
638751432444747816;35530.0
638751432445253589;34594.13
638751432445747464;34594.13
638751432446256112;34594.13
638751432446755104;37109.33
638751432447265670;37109.33
638751432447758987;37109.33
638751432448266883;36673.33
638751432448767590;36429.46
638751432449261593;36429.46
638751432449766847;38065.07
638751432450266781;35883.73
638751432450761874;35883.73
638751432451267423;35883.73
638751432451765060;36387.33
638751432452269089;36387.33
638751432452769747;36934.0
638751432453275730;40821.2
638751432453771229;40821.2
638751432454275712;38670.07
638751432454769004;35013.87
638751432455268243;35013.87
638751432455768013;40541.07
638751432456269130;40541.07
638751432456783152;40541.07
638751432457282683;38033.2
638751432457775626;38033.2
638751432458277100;41859.8
638751432458775047;36158.0
638751432459280649;36158.0
638751432459777061;36158.0
638751432460281460;38953.33
638751432460778001;38953.33
638751432461279902;38953.33
638751432461785617;38851.46
638751432462281711;38851.46
638751432462794591;38851.46
638751432463294369;38089.07
638751432463788544;39788.8
638751432464307450;39788.8
638751432464801363;38504.73
638751432465306732;38513.87
638751432465799286;38513.87
638751432466306296;38513.87
638751432468806815;34556.54
638751432469314892;34556.54
638751432575115598;39748.54
638751432575616065;39748.54
638751432576114950;39748.54
638751432576621901;34406.67
638751432577119890;34406.67
638751432577614885;34406.67
638751432578120357;35014.54
638751432578624777;35014.54
638751432579119787;35014.54
638751432580125774;34345.73
638751432580619695;34345.73
638751432581116529;36323.13
638751432583121939;39110.27
638751432583619924;34816.27
638751432584119029;34816.27
638751432584627080;34816.27
638751432586119286;34801.8
638751432586624142;37936.07
638751432587127811;37936.07
638751432587618857;37936.07
638751432588130086;34555.46
638751432588623834;34555.46
638751432589132758;34555.46
638751432589636907;34687.2
638751432590133663;39614.4
638751432590634467;39614.4
638751432591133671;39614.4
638751432591634358;34838.27
638751432592134047;34838.27
638751432592636750;34838.27
638751432593133354;34698.13
638751432593635027;34801.6
638751432594133578;34801.6
638751432594637452;34801.6
638751432595136191;36107.73
638751432595633970;36107.73
638751432596150549;36107.73
638751432596648477;35108.27
638751432597150774;35108.27
638751432597648664;35108.27
638751432598149142;36841.07
638751432598642169;35115.46
638751432599144663;35115.46
638751432599643186;35115.46
638751432601646426;36184.27
638751432602149467;36184.27
638751432602647717;36184.27
638751432603146089;35958.13
638751432603649870;35958.13
638751432604152419;35958.13
638751432606145852;34782.93
638751432606648877;34782.93
638751432607146635;34782.93
638751432607649957;38579.33
638751432608147257;38579.33
638751432608649746;38250.4
638751432609149014;34860.0
638751432609643764;34860.0
638751432610150502;34860.0
638751432727110296;36315.2
638751432727608621;36315.2
638751432732616109;35990.13
638751432733114230;35990.13
638751432733608021;35990.13
638751432738111511;34595.6
638751432744117381;35056.13
